<?xml version="1.0" encoding="UTF-8" standalone="yes"?>
<SharedFlowBundle revision="4" name="Security">
    <ConfigurationVersion majorVersion="4" minorVersion="0"/>
    <CreatedAt>1595943716033</CreatedAt>
    <CreatedBy>igngar@google.com</CreatedBy>
    <Description>Security Shared Flow for the Loyalty product</Description>
    <DisplayName>Security</DisplayName>
    <LastModifiedAt>1595943716033</LastModifiedAt>
    <LastModifiedBy>igngar@google.com</LastModifiedBy>
    <ManifestVersion>SHA-512:5dab735111ed01960a77a53239ca66155164b1f6631819d4c551768e71fd726376446528efac99e4e0092a4fcc2176fe9b3a18f420395c5a1a9f3d5cfb77d45b</ManifestVersion>
    <Policies>
        <Policy>AddCORSAndReturn</Policy>
        <Policy>CheckQuota</Policy>
        <Policy>SA-Loyalty</Policy>
        <Policy>verify-api-key</Policy>
    </Policies>
    <Resources/>
    <Spec></Spec>
    <subType>SharedFlow</subType>
    <SharedFlows>
        <SharedFlow>default</SharedFlow>
    </SharedFlows>
</SharedFlowBundle>
