<?xml version="1.0" encoding="UTF-8" standalone="yes"?>
<ExtractVariables async="false" continueOnError="false" enabled="true" name="EV-Extract-Token">
    <DisplayName>EV-Extract-Token</DisplayName>
    <Properties/>
    <IgnoreUnresolvedVariables>true</IgnoreUnresolvedVariables>
    <JSONPayload>
        <Variable name="access_token">
            <JSONPath>$.access_token</JSONPath>
        </Variable>
    </JSONPayload>
    <Source clearPayload="false">accessTokenResponse</Source>
    <VariablePrefix>idTokenPrefix</VariablePrefix>
</ExtractVariables>