<?xml version="1.0" encoding="UTF-8" standalone="yes"?>
<ConnectorCallout async="false" continueOnError="false" enabled="true" name="Extension-Callout-1">
    <DisplayName>Extension Callout-1</DisplayName>
    <Connector>xCardsFunction</Connector>
    <Action>invoke</Action>
    <Input><![CDATA[
         {
    "region" : "europe-west1",
    "projectId" : "igngar-test",
    "functionName" : "cards",
    "method" : "POST",
    "payload" : { "customerId" : "1234" }
  }
     ]]></Input>
    <Output parsed="false">function.response</Output>
</ConnectorCallout><!-- 
Input JSON Schema for package=gcp-cloud-function version=1.0.5
{"type":"object","properties":{"functionName":{"type":"string"},"region":{"type":"string"},"projectId":{"type":"string"},"payload":{"type":"object"},"method":{"type":"string"}},"required":["functionName","region","projectId"]}
-->
<!-- 
Output JSON Schema for package=gcp-cloud-function version=1.0.5
{"type":"object"}
-->
