<?xml version="1.0" encoding="UTF-8" standalone="yes"?>
<ServiceCallout async="false" continueOnError="false" enabled="true" name="SC-client-token">
    <DisplayName>SC-client-token</DisplayName>
    <Properties/>
    <Request clearPayload="true" variable="mytokenRequest">
        <IgnoreUnresolvedVariables>false</IgnoreUnresolvedVariables>
        <Set>
            <Verb>POST</Verb>
            <Headers>
                <Header name="Authorization">Basic Y2xpZW50X2lkOmNsaWVudF9zZWNyZXQ=</Header>
            </Headers>
            <FormParams>
                <FormParam name="grant_type">client_credentials</FormParam>
            </FormParams>
        </Set>
    </Request>
    <Response>accessTokenResponse</Response>
    <HTTPTargetConnection>
        <Properties/>
        <URL>http://35.246.28.41/oauth/token</URL>
    </HTTPTargetConnection>
</ServiceCallout>