<?xml version="1.0" encoding="UTF-8" standalone="yes"?>
<ServiceCallout async="false" continueOnError="false" enabled="true" name="SC-getcards">
    <DisplayName>SC-getcards</DisplayName>
    <Properties/>
    <Request>
        <Set>
            <Headers>
                <Header name="Accept">application/json</Header>
            </Headers>
            <Verb>POST</Verb>
            <Payload contentType="application/json" variablePrefix="@" variableSuffix="#">{"customerId":"@user.id#"}</Payload>
        </Set>
        <IgnoreUnresolvedVariables>false</IgnoreUnresolvedVariables>
    </Request>
    <Response>getCardsResponse</Response>
    <HTTPTargetConnection>
        <Properties/>
        <URL>https://europe-west1-igngar-test.cloudfunctions.net/cards?customerId={user.id}</URL>
    </HTTPTargetConnection>
</ServiceCallout>