<?xml version="1.0" encoding="UTF-8" standalone="yes"?>
<ExtractVariables async="false" continueOnError="false" enabled="true" name="EV-ExtractResponse">
    <DisplayName>EV-ExtractResponse</DisplayName>
    <Properties/>
    <IgnoreUnresolvedVariables>true</IgnoreUnresolvedVariables>
    <JSONPayload>
        <Variable name="response">
            <JSONPath>$</JSONPath>
        </Variable>
    </JSONPayload>
    <Source clearPayload="false">recommendationResponse</Source>
    <VariablePrefix>recommendation</VariablePrefix>
</ExtractVariables>