<?xml version="1.0" encoding="UTF-8" standalone="yes"?>
<ServiceCallout async="false" continueOnError="false" enabled="true" name="SC-Recommendation">
    <DisplayName>SC-Recommendation</DisplayName>
    <Properties/>
    <Request clearPayload="true" variable="recommendationResponse">
        <IgnoreUnresolvedVariables>false</IgnoreUnresolvedVariables>
    </Request>
    <Response>recommendationResponse</Response>
    <HTTPTargetConnection>
        <Properties/>
        <URL>http://35.197.197.184:8080/user/{user.userId}/recommendation/{user.totalpoints}</URL>
    </HTTPTargetConnection>
</ServiceCallout>