<?xml version="1.0" encoding="UTF-8" standalone="yes"?>
<SharedFlowBundle revision="3" name="Loyalty">
    <ConfigurationVersion majorVersion="4" minorVersion="0"/>
    <CreatedAt>1593435627720</CreatedAt>
    <CreatedBy>igngar@google.com</CreatedBy>
    <Description>Loyalty SF</Description>
    <DisplayName>Loyalty</DisplayName>
    <LastModifiedAt>1593451054217</LastModifiedAt>
    <LastModifiedBy>igngar@google.com</LastModifiedBy>
    <ManifestVersion>SHA-512:540f1c7f8b9d55908d455dbccbfd2cba062da39bcd3b924666e264b3f3cd63ea15e957b472312656452bb7ca526a063ebf9591e77e660a3713872ea81a2d1e4c</ManifestVersion>
    <Policies>
        <Policy>AM-Response</Policy>
        <Policy>EV-ExtractResponse</Policy>
        <Policy>JS-SumPoints</Policy>
        <Policy>SC-Recommendation</Policy>
    </Policies>
    <Resources>
        <Resource>jsc://JS-SumPoints.js</Resource>
    </Resources>
    <Spec></Spec>
    <subType>SharedFlow</subType>
    <SharedFlows>
        <SharedFlow>default</SharedFlow>
    </SharedFlows>
</SharedFlowBundle>
