<?xml version="1.0" encoding="UTF-8" standalone="yes"?>
<SharedFlowBundle revision="3" name="Loyalty">
    <ConfigurationVersion majorVersion="4" minorVersion="0"/>
    <CreatedAt>1593435627720</CreatedAt>
    <CreatedBy>igngar@google.com</CreatedBy>
    <Description>Loyalty SF</Description>
    <DisplayName>Loyalty</DisplayName>
    <LastModifiedAt>1596783877420</LastModifiedAt>
    <LastModifiedBy>igngar@google.com</LastModifiedBy>
    <ManifestVersion>SHA-512:2561d0658707c0c6337a85dda29bb3a7bbecd78c31c9688cbbdc3cd3bafe75c102a219c767550e6abf59b3b63b3348f426b69dbac6f018467612fcc4b53b62ca</ManifestVersion>
    <Policies>
        <Policy>AM-Response</Policy>
        <Policy>EV-ExtractResponse</Policy>
        <Policy>JS-SumPoints</Policy>
        <Policy>SC-Recommendation</Policy>
    </Policies>
    <Resources>
        <Resource>jsc://JS-SumPoints.js</Resource>
    </Resources>
    <Spec></Spec>
    <subType>SharedFlow</subType>
    <SharedFlows>
        <SharedFlow>default</SharedFlow>
    </SharedFlows>
</SharedFlowBundle>
