<?xml version="1.0" encoding="UTF-8" standalone="yes"?>
<SharedFlowBundle revision="4" name="OpenLegacy">
    <ConfigurationVersion majorVersion="4" minorVersion="0"/>
    <CreatedAt>1593441711377</CreatedAt>
    <CreatedBy>igngar@google.com</CreatedBy>
    <Description>Integration with the credit card service</Description>
    <DisplayName>OpenLegacy</DisplayName>
    <LastModifiedAt>1593441711377</LastModifiedAt>
    <LastModifiedBy>igngar@google.com</LastModifiedBy>
    <ManifestVersion>SHA-512:147b8c06e1b0eb89a8e15467303426c43b815a5c2807a22eb23ac3cca873db82b9732539ecc71b3e6c2f1268907ce689bc8d4fd2e074f1e622ca98d4c86db229</ManifestVersion>
    <Policies>
        <Policy>AM-token</Policy>
        <Policy>EV-Extract-Token</Policy>
        <Policy>EV-GetCards</Policy>
        <Policy>ExtractVariablesStoreId</Policy>
        <Policy>SC-client-token</Policy>
        <Policy>SC-getcards</Policy>
    </Policies>
    <Resources/>
    <Spec></Spec>
    <subType>SharedFlow</subType>
    <SharedFlows>
        <SharedFlow>default</SharedFlow>
    </SharedFlows>
</SharedFlowBundle>
