<?xml version="1.0" encoding="UTF-8" standalone="yes"?>
<SharedFlowBundle revision="5" name="OpenLegacy">
    <ConfigurationVersion majorVersion="4" minorVersion="0"/>
    <CreatedAt>1593426055627</CreatedAt>
    <CreatedBy>igngar@google.com</CreatedBy>
    <Description>Integration with the credit card service</Description>
    <DisplayName>OpenLegacy</DisplayName>
    <LastModifiedAt>1598955511988</LastModifiedAt>
    <LastModifiedBy>igngar@google.com</LastModifiedBy>
    <ManifestVersion>SHA-512:1dca9fbef853e2234d22a00d4e5b52f8349586f9a778538b7debe2ad844cd12ea536f45efb4065186d1cb8c0b3d2c83d9458501b14a3566eedf97ed2aab99595</ManifestVersion>
    <Policies>
        <Policy>AM-CardsResponse</Policy>
        <Policy>AM-token</Policy>
        <Policy>EV-Extract-Token</Policy>
        <Policy>EV-GetCards</Policy>
        <Policy>Extension-Callout-1</Policy>
        <Policy>ExtractVariablesStoreId</Policy>
        <Policy>SC-client-token</Policy>
        <Policy>SC-getcards</Policy>
    </Policies>
    <Resources/>
    <Spec></Spec>
    <subType>SharedFlow</subType>
    <SharedFlows>
        <SharedFlow>default</SharedFlow>
    </SharedFlows>
</SharedFlowBundle>
