<?xml version="1.0" encoding="UTF-8" standalone="yes"?>
<RaiseFault async="false" continueOnError="false" enabled="true" name="AddCORSAndReturn">
    <DisplayName>AddCORSAndReturn</DisplayName>
    <Properties/>
    <FaultResponse>
        <Set>
            <Headers>
                <Header name="Access-Control-Allow-Origin">{request.header.origin}</Header>
                <Header name="Access-Control-Allow-Headers">origin, x-requested-with, accept, content-type, x-apikey</Header>
                <Header name="Access-Control-Max-Age">3628800</Header>
                <Header name="Access-Control-Allow-Methods">GET, PUT, POST, DELETE</Header>
            </Headers>
            <Payload contentType="text/plain"/>
            <StatusCode>200</StatusCode>
        </Set>
    </FaultResponse>
    <IgnoreUnresolvedVariables>true</IgnoreUnresolvedVariables>
</RaiseFault>