<?xml version="1.0" encoding="UTF-8" standalone="yes"?>
<ExtractVariables continueOnError="false" enabled="true" name="Ev-token">
    <DisplayName>Ev-token</DisplayName>
    <Properties/>
    <IgnoreUnresolvedVariables>true</IgnoreUnresolvedVariables>
    <JSONPayload>
        <Variable name="token">
            <JSONPath>$.access_token</JSONPath>
        </Variable>
    </JSONPayload>
    <Source clearPayload="false">scopenlegacyResponse</Source>
    <VariablePrefix>openlegacy</VariablePrefix>
</ExtractVariables>