<?xml version="1.0" encoding="UTF-8" standalone="yes"?>
<ServiceCallout continueOnError="false" enabled="true" name="SC-OpenLegacy-oAuth">
    <DisplayName>SC-OpenLegacy-oAuth</DisplayName>
    <Properties/>
    <Request>
        <Set>
            <Headers>
                <Header name="Authorization">Basic Y2xpZW50X2lkOmNsaWVudF9zZWNyZXQ=</Header>
            </Headers>
            <Verb>POST</Verb>
            <FormParams>
                <FormParam name="grant_type">client_credentials</FormParam>
                <FormParam name="scope">write</FormParam>
            </FormParams>
        </Set>
        <IgnoreUnresolvedVariables>false</IgnoreUnresolvedVariables>
    </Request>
    <Response>scopenlegacyResponse</Response>
    <HTTPTargetConnection>
        <Properties/>
        <URL>http://10.132.0.17/oauth/token</URL>
    </HTTPTargetConnection>
</ServiceCallout>