<?xml version="1.0" encoding="UTF-8" standalone="yes"?>
<ExtractVariables async="false" continueOnError="false" enabled="true" name="EV-GetCards">
    <DisplayName>EV-GetCards</DisplayName>
    <Properties/>
    <IgnoreUnresolvedVariables>true</IgnoreUnresolvedVariables>
    <JSONPayload>
        <Variable name="response">
            <JSONPath>$</JSONPath>
        </Variable>
    </JSONPayload>
    <Source clearPayload="false">getCardsResponse</Source>
    <VariablePrefix>cards</VariablePrefix>
</ExtractVariables>