<?xml version="1.0" encoding="UTF-8" standalone="yes"?>
<ServiceCallout async="false" continueOnError="false" enabled="true" name="SC-getcards">
    <DisplayName>SC-getcards</DisplayName>
    <Properties/>
    <Request clearPayload="true" variable="myRequest">
        <IgnoreUnresolvedVariables>false</IgnoreUnresolvedVariables>
        <Set>
            <Verb>GET</Verb>
            <Headers>
                <Header name="Authorization">Bearer {idTokenPrefix.access_token}</Header>
            </Headers>
        </Set>
    </Request>
    <Response>getCardsResponse</Response>
    <HTTPTargetConnection>
        <Properties/>
        <URL>http://35.246.28.41/api/cards?customerId={user.userId}</URL>
    </HTTPTargetConnection>
</ServiceCallout>