<?xml version="1.0" encoding="UTF-8" standalone="yes"?>
<Manifest name="manifest">
    <Policies>
        <VersionInfo resourceName="AddCORSAndReturn" version="SHA-512:71e04ca0997205954cec161c0d0de90b408f874293030ab22654c3fc0a98e76401fe6265a3bb935fb2ed030e6ad44ac45e886d85179503fd44508e69f96d089e"/>
        <VersionInfo resourceName="CheckQuota" version="SHA-512:995c081c696ef7162e4b76744f0738d473ca6b1deff0d0ea38de59d31dd74d5eed70cfb2a8b8a40565224c187ccecdc2e1bee31b032eb00a5ecbec8a1819a32a"/>
        <VersionInfo resourceName="SA-Loyalty" version="SHA-512:38061afb36c528d46d927a429430f8da7104e04e1a02b2fee6d92f0b04c011eb3923c8a2c0498966b7ce5dd6c07d8bf4fa23f7aca90ca98ccf13b47d3c63abb5"/>
        <VersionInfo resourceName="verify-api-key" version="SHA-512:554d073c62d94ad12d4eca636464af428bc20f405f4a754fa42b0cfab59d4e422e3d9f4bbce55b5e5bda2da24114c43d943f2fc7395f46b773e41cbc0e461e2e"/>
    </Policies>
    <ProxyEndpoints/>
    <Resources/>
    <SharedFlows>
        <VersionInfo resourceName="default" version="SHA-512:6e74f00ffff32740c1f6d566c3fd4d246f10b776ae22d555fb6f2404321869c4e956b5d789e70b08e0f492cb317da601a84b90d23969db816f871c9a0c3fe661"/>
    </SharedFlows>
    <TargetEndpoints/>
</Manifest>
